{
    "_tutorialClear": false,
    "_coin": 1049,
    "_currentSong": 5,
    "_masterVolume": 0.9996214509010315,
    "_bgmVolume": 1.0,
    "_sfxVolume": 0.10218499600887299
}