{
    "_tutorialClear": false,
    "_coin": 8302,
    "_currentSong": 9,
    "_masterVolume": 0.46987858414649966,
    "_bgmVolume": 0.2594817578792572,
    "_sfxVolume": 0.2655194103717804
}