{
    "_tutorialClear": false,
    "_coin": 1157,
    "_currentSong": 5,
    "_masterVolume": 0.46987858414649966,
    "_bgmVolume": 0.2594817578792572,
    "_sfxVolume": 0.47579309344291689
}