{
    "_tutorialClear": false,
    "_coin": 1053,
    "_currentSong": 9,
    "_masterVolume": 0.46987858414649966,
    "_bgmVolume": 0.47583329677581789,
    "_sfxVolume": 0.47579309344291689
}