{
    "_tutorialClear": false,
    "_coin": 8363,
    "_currentSong": 5,
    "_masterVolume": 0.46987858414649966,
    "_bgmVolume": 0.9662301540374756,
    "_sfxVolume": 0.2655194103717804
}